{"model":{"version":2,"nodes":[{"name":"RootNode","position":[0,0,0],"rotation":[0,0,0],"scale":[1,1,1],"scaleCompensation":false},{"name":"BR_1","position":[-0.0365218,0.0715003,-0.00145369],"rotation":[-89.8837,-2.74227,53.661],"scale":[4.02089e-06,4.02089e-06,3.44724e-06],"scaleCompensation":false}],"parents":[-1,0],"skins":[],"morphs":[],"vertices":[{"position":{"type":"float32","components":3,"data":[11946.9,2758.71,-3601.82,12240.8,2702.56,-5096.04,11646.7,3314.7,-4202.78,10973,3510.12,-3150.96,11946.9,2758.71,-3601.82,11646.7,3314.7,-4202.78,10900.9,2715.24,-1951.02,10973,3510.12,-3150.96,10319.7,3258.35,-2096.47,9786.69,2600.75,-1200.71,10900.9,2715.24,-1951.02,10319.7,3258.35,-2096.47,10229.8,1441.32,-768.711,9786.69,2600.75,-1200.71,9455.57,1634.74,-600.553,9375.43,509.226,-385.547,10229.8,1441.32,-768.711,9455.57,1634.74,-600.553,10326.7,-316.919,-747.404,9375.43,509.226,-385.547,9560.45,-605.06,-591.33,9984.87,-1529.87,-1191.26,10326.7,-316.919,-747.404,9560.45,-605.06,-591.33,11134.8,-1529.57,-1899.66,9984.87,-1529.87,-1191.26,10572.9,-2148.94,-2074.16,11246.9,-2344.79,-3126.47,11134.8,-1529.57,-1899.66,10572.9,-2148.94,-2074.16,12180.9,-1486.2,-3550.62,11246.9,-2344.79,-3126.47,11899.9,-2092.6,-4180.49,12433.2,-1435.4,-5076.74,12180.9,-1486.2,-3550.62,11899.9,-2092.6,-4180.49,12852.1,-212.129,-4733.03,12433.2,-1435.4,-5076.74,12764,-468.995,-5676.41,12844.3,656.144,-5891.73,12852.1,-212.129,-4733.03,12764,-468.995,-5676.41,12755.1,1546.2,-4754.2,12844.3,656.144,-5891.73,12659.2,1770.78,-5685.64,12240.8,2702.56,-5096.04,12755.1,1546.2,-4754.2,12659.2,1770.78,-5685.64,12381.8,1930.82,-3922.23,11946.9,2758.71,-3601.82,11574,2440.08,-2700.92,11574,2440.08,-2700.92,10900.9,2715.24,-1951.02,10825.9,1866.11,-1466.63,10825.9,1866.11,-1466.63,10229.8,1441.32,-768.711,10575.7,545.119,-942.234,10575.7,545.119,-942.234,10326.7,-316.919,-747.404,10970,-749.25,-1434.9,10970,-749.25,-1434.9,11134.8,-1529.57,-1899.66,11777.9,-1258.79,-2656.21,11777.9,-1258.79,-2656.21,12180.9,-1486.2,-3550.62,12526.1,-684.816,-3890.77,12526.1,-684.816,-3890.77,12852.1,-212.129,-4733.03,12776.3,636.461,-4415.17,12776.3,636.461,-4415.17,12755.1,1546.2,-4754.2,12381.8,1930.82,-3922.23,10973,3510.12,-3150.96,10900.9,2715.24,-1951.02,11574,2440.08,-2700.92,11574,2440.08,-2700.92,11946.9,2758.71,-3601.82,10973,3510.12,-3150.96,9786.69,2600.75,-1200.71,10229.8,1441.32,-768.711,10825.9,1866.11,-1466.63,10825.9,1866.11,-1466.63,10900.9,2715.24,-1951.02,9786.69,2600.75,-1200.71,9375.43,509.226,-385.547,10326.7,-316.919,-747.404,10575.7,545.119,-942.234,10575.7,545.119,-942.234,10229.8,1441.32,-768.711,9375.43,509.226,-385.547,9984.87,-1529.87,-1191.26,11134.8,-1529.57,-1899.66,10970,-749.25,-1434.9,10970,-749.25,-1434.9,10326.7,-316.919,-747.404,9984.87,-1529.87,-1191.26,11246.9,-2344.79,-3126.47,12180.9,-1486.2,-3550.62,11777.9,-1258.79,-2656.21,11777.9,-1258.79,-2656.21,11134.8,-1529.57,-1899.66,11246.9,-2344.79,-3126.47,12433.2,-1435.4,-5076.74,12852.1,-212.129,-4733.03,12526.1,-684.816,-3890.77,12526.1,-684.816,-3890.77,12180.9,-1486.2,-3550.62,12433.2,-1435.4,-5076.74,12844.3,656.144,-5891.73,12755.1,1546.2,-4754.2,12776.3,636.461,-4415.17,12776.3,636.461,-4415.17,12852.1,-212.129,-4733.03,12844.3,656.144,-5891.73,12240.8,2702.56,-5096.04,11946.9,2758.71,-3601.82,12381.8,1930.82,-3922.23,12381.8,1930.82,-3922.23,12755.1,1546.2,-4754.2,12240.8,2702.56,-5096.04,10825.9,1866.11,-1466.63,10575.7,545.119,-942.234,10970,-749.25,-1434.9,10970,-749.25,-1434.9,11777.9,-1258.79,-2656.21,12526.1,-684.816,-3890.77,12526.1,-684.816,-3890.77,12776.3,636.461,-4415.17,12381.8,1930.82,-3922.23,10970,-749.25,-1434.9,12526.1,-684.816,-3890.77,12381.8,1930.82,-3922.23,10825.9,1866.11,-1466.63,10970,-749.25,-1434.9,12381.8,1930.82,-3922.23,11574,2440.08,-2700.92,10825.9,1866.11,-1466.63,12381.8,1930.82,-3922.23,12764,-468.995,-5676.41,12714.9,-473.469,-5723.86,12792.2,652.545,-5934.82,12792.2,652.545,-5934.82,12844.3,656.144,-5891.73,12764,-468.995,-5676.41,9737.03,2595.51,-1247.62,9786.69,2600.75,-1200.71,10319.7,3258.35,-2096.47,10319.7,3258.35,-2096.47,10268.6,3256.68,-2140.97,9737.03,2595.51,-1247.62,9326.1,505.674,-433.185,9375.43,509.226,-385.547,9455.57,1634.74,-600.553,9455.57,1634.74,-600.553,9403.82,1631.74,-643.927,9326.1,505.674,-433.185,10522.1,-2154.83,-2118.79,10572.9,-2148.94,-2074.16,9984.87,-1529.87,-1191.26,9984.87,-1529.87,-1191.26,9935.13,-1531.57,-1238.39,10522.1,-2154.83,-2118.79,11196,-2345.93,-3171.88,11246.9,-2344.79,-3126.47,10572.9,-2148.94,-2074.16,10572.9,-2148.94,-2074.16,10522.1,-2154.83,-2118.79,11196,-2345.93,-3171.88,12381.3,-1437.28,-5120.54,12433.2,-1435.4,-5076.74,11899.9,-2092.6,-4180.49,11899.9,-2092.6,-4180.49,11850.1,-2098.39,-4226.82,12381.3,-1437.28,-5120.54,10922.3,3504.16,-3196.27,10973,3510.12,-3150.96,11646.7,3314.7,-4202.78,11646.7,3314.7,-4202.78,11596.6,3313.15,-4248.95,10922.3,3504.16,-3196.27,9935.13,-1531.57,-1238.39,9984.87,-1529.87,-1191.26,9560.45,-605.06,-591.33,9560.45,-605.06,-591.33,9508.82,-609.821,-634.786,9935.13,-1531.57,-1238.39,11596.6,3313.15,-4248.95,11646.7,3314.7,-4202.78,12240.8,2702.56,-5096.04,12240.8,2702.56,-5096.04,12189.2,2697.26,-5139.79,11596.6,3313.15,-4248.95,12433.2,-1435.4,-5076.74,12381.3,-1437.28,-5120.54,12714.9,-473.469,-5723.86,12714.9,-473.469,-5723.86,12764,-468.995,-5676.41,12433.2,-1435.4,-5076.74,9375.43,509.226,-385.547,9326.1,505.674,-433.185,9508.82,-609.821,-634.786,9508.82,-609.821,-634.786,9560.45,-605.06,-591.33,9375.43,509.226,-385.547,9403.82,1631.74,-643.927,9455.57,1634.74,-600.553,9786.69,2600.75,-1200.71,9786.69,2600.75,-1200.71,9737.03,2595.51,-1247.62,9403.82,1631.74,-643.927,12659.2,1770.78,-5685.64,12609.9,1768.06,-5733.03,12189.2,2697.26,-5139.79,12189.2,2697.26,-5139.79,12240.8,2702.56,-5096.04,12659.2,1770.78,-5685.64,10268.6,3256.68,-2140.97,10319.7,3258.35,-2096.47,10973,3510.12,-3150.96,10973,3510.12,-3150.96,10922.3,3504.16,-3196.27,10268.6,3256.68,-2140.97,11246.9,-2344.79,-3126.47,11196,-2345.93,-3171.88,11850.1,-2098.39,-4226.82,11850.1,-2098.39,-4226.82,11899.9,-2092.6,-4180.49,11246.9,-2344.79,-3126.47,12844.3,656.144,-5891.73,12792.2,652.545,-5934.82,12609.9,1768.06,-5733.03,12609.9,1768.06,-5733.03,12659.2,1770.78,-5685.64,12844.3,656.144,-5891.73]},"normal":{"type":"float32","components":3,